镇,经度,纬度,犯罪率,超过25000平米的区,工业用地,靠近查理斯河,一氧化氮浓度,平均房间数,早于1940建成比率,到达市中心的距离,公路可达性,税率,学生教师比,低收入比,价格中位数
Nahant,-70.9550018,42.2550011,0.00632,18,2.30999994,no,0.537999988,6.57499981,65.1999969,4.09000015,1,296,15.3000002,4.98000002,24
Swampscott,-70.9499969,42.2874985,0.027310001,0,7.07000017,no,0.469000012,6.421,78.9000015,4.96710014,2,242,17.7999992,9.14000034,21.6000004
Swampscott,-70.935997,42.2830009,0.02729,0,7.07000017,no,0.469000012,7.18499994,61.0999985,4.96710014,2,242,17.7999992,4.03000021,34.7000008
Marblehead,-70.9280014,42.2929993,0.032370001,0,2.18000007,no,0.458000004,6.99800014,45.7999992,6.06220007,3,222,18.7000008,2.94000006,33.4000015
Marblehead,-70.9219971,42.2980003,0.069049999,0,2.18000007,no,0.458000004,7.14699984,54.2000008,6.06220007,3,222,18.7000008,5.32999992,36.2000008
Marblehead,-70.9164963,42.3040009,0.02985,0,2.18000007,no,0.458000004,6.42999983,58.7000008,6.06220007,3,222,18.7000008,5.21000004,28.7000008
Salem,-70.935997,42.2970009,0.088289999,12.5,7.86999989,no,0.523999989,6.01200008,66.5999985,5.56050014,5,311,15.1999998,12.4300003,22.8999996
Salem,-70.9375,42.3100014,0.144549996,12.5,7.86999989,no,0.523999989,6.17199993,96.0999985,5.95050001,5,311,15.1999998,19.1499996,22.1000004
Salem,-70.9329987,42.3120003,0.211239994,12.5,7.86999989,no,0.523999989,5.63100004,100,6.08209991,5,311,15.1999998,29.9300003,16.5
Salem,-70.9290009,42.3160019,0.170039997,12.5,7.86999989,no,0.523999989,6.00400019,85.9000015,6.59210014,5,311,15.1999998,17.1000004,18.8999996
Salem,-70.9349976,42.3160019,0.224889994,12.5,7.86999989,no,0.523999989,6.37699986,94.3000031,6.34670019,5,311,15.1999998,20.4500008,15
Salem,-70.9440002,42.3170013,0.117470004,12.5,7.86999989,no,0.523999989,6.00899982,82.9000015,6.22669983,5,311,15.1999998,13.2700005,18.8999996
Salem,-70.9509964,42.3059998,0.093780004,12.5,7.86999989,no,0.523999989,5.88899994,39,5.45090008,5,311,15.1999998,15.71,21.7000008
Lynn,-70.9645004,42.2919998,0.629760027,0,8.14000034,no,0.537999988,5.94899988,61.7999992,4.70749998,4,307,21,8.26000023,20.3999996
Lynn,-70.9720001,42.2869987,0.637960017,0,8.14000034,no,0.537999988,6.09600019,84.5,4.46190023,4,307,21,10.2600002,18.2000008
Lynn,-70.9765015,42.2939987,0.627390027,0,8.14000034,no,0.537999988,5.83400011,56.5,4.49860001,4,307,21,8.47000027,19.8999996
Lynn,-70.9869995,42.2985001,1.05393004,0,8.14000034,no,0.537999988,5.93499994,29.2999992,4.49860001,4,307,21,6.57999992,23.1000004
Lynn,-70.9779968,42.2849998,0.784200013,0,8.14000034,no,0.537999988,5.98999977,81.6999969,4.25790024,4,307,21,14.6700001,17.5
Lynn,-70.9925003,42.2825012,0.802709997,0,8.14000034,no,0.537999988,5.45599985,36.5999985,3.79649997,4,307,21,11.6899996,20.2000008
Lynn,-70.987999,42.2775993,0.725799978,0,8.14000034,no,0.537999988,5.72700024,69.5,3.79649997,4,307,21,11.2799997,18.2000008
Lynn,-70.9834976,42.2770004,1.25179005,0,8.14000034,no,0.537999988,5.57000017,98.0999985,3.79789996,4,307,21,21.0200005,13.6000004
Lynn,-70.9820023,42.2809982,0.852039993,0,8.14000034,no,0.537999988,5.96500015,89.1999969,4.01230001,4,307,21,13.8299999,19.6000004
Lynn,-70.9775009,42.2789993,1.23247004,0,8.14000034,no,0.537999988,6.1420002,91.6999969,3.9769001,4,307,21,18.7199993,15.1999998
Lynn,-70.9729996,42.2789993,0.988430023,0,8.14000034,no,0.537999988,5.8130002,100,4.09520006,4,307,21,19.8799992,14.5
Lynn,-70.9692993,42.281601,0.750259995,0,8.14000034,no,0.537999988,5.92399979,94.0999985,4.39960003,4,307,21,16.2999992,15.6000004
Lynn,-70.9639969,42.2840004,0.840539992,0,8.14000034,no,0.537999988,5.59899998,85.6999969,4.45459986,4,307,21,16.5100002,13.8999996
Lynn,-70.9597015,42.2869987,0.671909988,0,8.14000034,no,0.537999988,5.8130002,90.3000031,4.68200016,4,307,21,14.8100004,16.6000004
Lynn,-70.9597015,42.2825012,0.955770016,0,8.14000034,no,0.537999988,6.04699993,88.8000031,4.45340014,4,307,21,17.2800007,14.8000002
Lynn,-70.9570007,42.2799988,0.772989988,0,8.14000034,no,0.537999988,6.49499989,94.4000015,4.45469999,4,307,21,12.8000002,18.3999996
Lynn,-70.9509964,42.2779999,1.00244999,0,8.14000034,no,0.537999988,6.67399979,87.3000031,4.23899984,4,307,21,11.9799995,21
Lynn,-70.9670029,42.2789993,1.13081002,0,8.14000034,no,0.537999988,5.71299982,94.0999985,4.2329998,4,307,21,22.6000004,12.6999998
Lynn,-70.9639969,42.2765007,1.35472,0,8.14000034,no,0.537999988,6.07200003,100,4.17500019,4,307,21,13.04,14.5
Lynn,-70.9720001,42.2765007,1.38799,0,8.14000034,no,0.537999988,5.94999981,82,3.99000001,4,307,21,27.7099991,13.1999998
Lynn,-70.9794998,42.276001,1.15172005,0,8.14000034,no,0.537999988,5.70100021,95,3.78719997,4,307,21,18.3500004,13.1000004
Lynn,-70.9775009,42.2719994,1.61282003,0,8.14000034,no,0.537999988,6.09600019,96.9000015,3.75979996,4,307,21,20.3400002,13.5
Sargus,-71,42.2700005,0.064170003,0,5.96000004,no,0.499000013,5.93300009,68.1999969,3.36030006,5,279,19.2000008,9.68000031,18.8999996
Sargus,-71.0080032,42.2745018,0.097439997,0,5.96000004,no,0.499000013,5.84100008,61.4000015,3.37789989,5,279,19.2000008,11.4099998,20
Sargus,-71.0039978,42.286499,0.080140002,0,5.96000004,no,0.499000013,5.8499999,41.5,3.93420005,5,279,19.2000008,8.77000046,21
Sargus,-71.0199966,42.2874985,0.175050005,0,5.96000004,no,0.499000013,5.96600008,30.2000008,3.84730005,5,279,19.2000008,10.1300001,24.2000008
Lynnfield,-71.0130005,42.3129997,0.027629999,75,2.95000005,no,0.428000003,6.59499979,21.7999992,5.40110016,3,252,18.2999992,4.32000017,30.7999992
Lynnfield,-71.0299988,42.3240013,0.03359,75,2.95000005,no,0.428000003,7.02400017,15.8000002,5.40110016,3,252,18.2999992,1.98000002,34.9000015
Peabody,-71.0039978,42.3349991,0.127440006,0,6.90999985,no,0.448000014,6.76999998,2.9000001,5.72090006,3,233,17.8999996,4.84000015,26.6000004
Peabody,-71.0029984,42.3235016,0.141499996,0,6.90999985,no,0.448000014,6.16900015,6.5999999,5.72090006,3,233,17.8999996,5.80999994,25.2999992
Peabody,-70.9775009,42.3237,0.159360006,0,6.90999985,no,0.448000014,6.21099997,6.5,5.72090006,3,233,17.8999996,7.44000006,24.7000008
Peabody,-70.9674988,42.3170013,0.12269,0,6.90999985,no,0.448000014,6.06899977,40,5.72090006,3,233,17.8999996,9.55000019,21.2000008
Peabody,-70.9725037,42.3074989,0.171419993,0,6.90999985,no,0.448000014,5.68200016,33.7999992,5.10039997,3,233,17.8999996,10.21,19.2999992
Peabody,-70.9649963,42.3074989,0.188360006,0,6.90999985,no,0.448000014,5.78599977,33.2999992,5.10039997,3,233,17.8999996,14.1499996,20
Peabody,-70.9560013,42.3125,0.229269996,0,6.90999985,no,0.448000014,6.03000021,85.5,5.6894002,3,233,17.8999996,18.7999992,16.6000004
Peabody,-70.9550018,42.3165016,0.25387001,0,6.90999985,no,0.448000014,5.39900017,95.3000031,5.86999989,3,233,17.8999996,30.8099995,14.3999996
Peabody,-70.9524994,42.3208008,0.219769999,0,6.90999985,no,0.448000014,5.60200024,62,6.08769989,3,233,17.8999996,16.2000008,19.3999996
Danvers,-70.9509964,42.3339996,0.08873,21,5.63999987,no,0.43900001,5.96299982,45.7000008,6.81470013,4,243,16.7999992,13.4499998,19.7000008
Danvers,-70.9629974,42.3381996,0.043370001,21,5.63999987,no,0.43900001,6.11499977,63,6.81470013,4,243,16.7999992,9.43000031,20.5
Danvers,-70.9580002,42.3460007,0.053599998,21,5.63999987,no,0.43900001,6.51100016,21.1000004,6.81470013,4,243,16.7999992,5.28000021,25
Danvers,-70.9779968,42.3424988,0.04981,21,5.63999987,no,0.43900001,5.99800014,21.3999996,6.81470013,4,243,16.7999992,8.43000031,23.3999996
Middleton,-71.0175018,42.3714981,0.0136,75,4,no,0.409999996,5.88800001,47.5999985,7.31969976,3,469,21.1000004,14.8000002,18.8999996
Topsfield,-70.9625015,42.3810005,0.01311,90,1.22000003,no,0.402999997,7.24900007,21.8999996,8.69659996,5,226,17.8999996,4.80999994,35.4000015
Hamilton,-70.9300003,42.3740005,0.02055,85,0.74000001,no,0.409999996,6.3829999,35.7000008,9.18760014,2,313,17.2999992,5.76999998,24.7000008
Wenham,-70.9294968,42.3714981,0.01432,100,1.32000005,no,0.411000013,6.81599998,40.5,8.32479954,5,256,15.1000004,3.95000005,31.6000004
Beverly,-70.9384995,42.3460007,0.154449999,25,5.13000011,no,0.453000009,6.14499998,29.2000008,7.81479979,8,284,19.7000008,6.86000013,23.2999992
Beverly,-70.9400024,42.3320007,0.10328,25,5.13000011,no,0.453000009,5.92700005,47.2000008,6.93200016,8,284,19.7000008,9.22000027,19.6000004
Beverly,-70.9300003,42.3370018,0.149320006,25,5.13000011,no,0.453000009,5.74100018,66.1999969,7.22539997,8,284,19.7000008,13.1499996,18.7000008
Beverly,-70.9300003,42.3274994,0.171709999,25,5.13000011,no,0.453000009,5.96600008,93.4000015,6.81850004,8,284,19.7000008,14.4399996,16
Beverly,-70.9215012,42.3320007,0.110270001,25,5.13000011,no,0.453000009,6.45599985,67.8000031,7.22550011,8,284,19.7000008,6.73000002,22.2000008
Beverly,-70.9075012,42.3390007,0.126499996,25,5.13000011,no,0.453000009,6.76200008,43.4000015,7.98089981,8,284,19.7000008,9.5,25
Manchester,-70.8600006,42.3450012,0.019509999,17.5,1.38,no,0.416099995,7.10400009,59.5,9.22290039,3,216,18.6000004,8.05000019,33
North Reading,-71.0449982,42.3450012,0.035840001,80,3.36999989,no,0.398000002,6.28999996,17.7999992,6.61149979,4,337,16.1000004,4.67000008,23.5
North Reading,-71.0690002,42.3525009,0.043790001,80,3.36999989,no,0.398000002,5.78700018,31.1000004,6.61149979,4,337,16.1000004,10.2399998,19.3999996
Wilmington,-71.0899963,42.3362007,0.057890002,12.5,6.07000017,no,0.409000009,5.87799978,21.3999996,6.49800014,4,345,18.8999996,8.10000038,22
Wilmington,-71.1080017,42.3400002,0.135539994,12.5,6.07000017,no,0.409000009,5.59399986,36.7999992,6.49800014,4,345,18.8999996,13.0900002,17.3999996
Wilmington,-71.1110001,42.3269997,0.12816,12.5,6.07000017,no,0.409000009,5.88500023,33,6.49800014,4,345,18.8999996,8.78999996,20.8999996
Burlington,-71.1210022,42.3160019,0.088260002,0,10.8100004,no,0.412999988,6.41699982,6.5999999,5.28730011,4,305,19.2000008,6.71999979,24.2000008
Burlington,-71.1094971,42.3008003,0.158759996,0,10.8100004,no,0.412999988,5.96099997,17.5,5.28730011,4,305,19.2000008,9.88000011,21.7000008
Burlington,-71.1299973,42.3050003,0.091640003,0,10.8100004,no,0.412999988,6.06500006,7.80000019,5.28730011,4,305,19.2000008,5.51999998,22.7999992
Burlington,-71.1230011,42.2919998,0.195390001,0,10.8100004,no,0.412999988,6.24499989,6.19999981,5.28730011,4,305,19.2000008,7.53999996,23.3999996
Woburn,-71.1104965,42.2890015,0.078960002,0,12.8299999,no,0.437000006,6.27299976,6,4.25150013,5,398,18.7000008,6.78000021,24.1000004
Woburn,-71.0999985,42.2874985,0.095119998,0,12.8299999,no,0.437000006,6.28599977,45,4.50260019,5,398,18.7000008,8.93999958,21.3999996
Woburn,-71.0899963,42.2835007,0.101530001,0,12.8299999,no,0.437000006,6.27899981,74.5,4.05219984,5,398,18.7000008,11.9700003,20
Woburn,-71.0759964,42.2895012,0.087070003,0,12.8299999,no,0.437000006,6.13999987,45.7999992,4.09049988,5,398,18.7000008,10.2700005,20.7999992
Woburn,-71.0904999,42.2949982,0.056460001,0,12.8299999,no,0.437000006,6.23199987,53.7000008,5.01410007,5,398,18.7000008,12.3400002,21.2000008
Woburn,-71.0910034,42.3050003,0.083870001,0,12.8299999,no,0.437000006,5.87400007,36.5999985,4.50260019,5,398,18.7000008,9.10000038,20.2999992
Reading,-71.0684967,42.3079987,0.041129999,25,4.86000013,no,0.425999999,6.72700024,33.5,5.40070009,4,281,19,5.28999996,28
Reading,-71.0690002,42.3149986,0.04462,25,4.86000013,no,0.425999999,6.61899996,70.4000015,5.40070009,4,281,19,7.21999979,23.8999996
Reading,-71.0674973,42.3260002,0.036589999,25,4.86000013,no,0.425999999,6.30200005,32.2000008,5.40070009,4,281,19,6.71999979,24.7999992
Reading,-71.0575027,42.3170013,0.03551,25,4.86000013,no,0.425999999,6.16699982,46.7000008,5.40070009,4,281,19,7.51000023,22.8999996
Wakefield,-71.0429993,42.3074989,0.050590001,0,4.48999977,no,0.449000001,6.38899994,48,4.77939987,3,247,18.5,9.61999989,23.8999996
Wakefield,-71.0500031,42.2999992,0.057349999,0,4.48999977,no,0.449000001,6.63000011,56.0999985,4.43769979,3,247,18.5,6.53000021,26.6000004
Wakefield,-71.0329971,42.3050003,0.051879998,0,4.48999977,no,0.449000001,6.01499987,45.0999985,4.42719984,3,247,18.5,12.8599997,22.5
Wakefield,-71.0390015,42.2885017,0.071510002,0,4.48999977,no,0.449000001,6.12099981,56.7999992,3.74760008,3,247,18.5,8.43999958,22.2000008
Melrose,-71.0419998,42.2795982,0.056600001,0,3.41000009,no,0.488999993,7.00699997,86.3000031,3.4217,2,270,17.7999992,5.5,23.6000004
Melrose,-71.0345001,42.2784996,0.053020001,0,3.41000009,no,0.488999993,7.079,63.0999985,3.4145,2,270,17.7999992,5.69999981,28.7000008
Melrose,-71.0299988,42.2719994,0.046840001,0,3.41000009,no,0.488999993,6.41699982,66.0999985,3.09229994,2,270,17.7999992,8.81000042,22.6000004
Melrose,-71.0425034,42.2714996,0.03932,0,3.41000009,no,0.488999993,6.40500021,73.9000015,3.09209991,2,270,17.7999992,8.19999981,22
Stoneham,-71.0530014,42.2830009,0.042029999,28,15.04,no,0.463999987,6.44199991,53.5999985,3.66589999,4,270,18.2000008,8.15999985,22.8999996
Stoneham,-71.0619965,42.2960014,0.02875,28,15.04,no,0.463999987,6.21099997,28.8999996,3.66589999,4,270,18.2000008,6.21000004,25
Stoneham,-71.0615005,42.2840004,0.042939998,28,15.04,no,0.463999987,6.24900007,77.3000031,3.61500001,4,270,18.2000008,10.5900002,20.6000004
Winchester,-71.0759964,42.2775002,0.122040004,0,2.8900001,no,0.444999993,6.625,57.7999992,3.49519992,2,276,18,6.6500001,28.3999996
Winchester,-71.0849991,42.2775002,0.115039997,0,2.8900001,no,0.444999993,6.16300011,69.5999985,3.49519992,2,276,18,11.3400002,21.3999996
Winchester,-71.0889969,42.2714996,0.120829999,0,2.8900001,no,0.444999993,8.06900024,76,3.49519992,2,276,18,4.21000004,38.7000008
Winchester,-71.0981979,42.2685013,0.081869997,0,2.8900001,no,0.444999993,7.82000017,36.9000015,3.49519992,2,276,18,3.56999993,43.7999992
Winchester,-71.0800018,42.2680016,0.068599999,0,2.8900001,no,0.444999993,7.41599989,62.5,3.49519992,2,276,18,6.19000006,33.2000008
Medford,-71.066803,42.2545013,0.148660004,0,8.56000042,no,0.519999981,6.72700024,79.9000015,2.77780008,5,384,20.8999996,9.42000008,27.5
Medford,-71.0810013,42.2449989,0.114320002,0,8.56000042,no,0.519999981,6.78100014,71.3000031,2.85610008,5,384,20.8999996,7.67000008,26.5
Medford,-71.0811996,42.2514992,0.228760004,0,8.56000042,no,0.519999981,6.40500021,85.4000015,2.71469998,5,384,20.8999996,10.6300001,18.6000004
Medford,-71.0770035,42.2490005,0.211610004,0,8.56000042,no,0.519999981,6.13700008,87.4000015,2.71469998,5,384,20.8999996,13.4399996,19.2999992
Medford,-71.0690002,42.2480011,0.139599994,0,8.56000042,no,0.519999981,6.16699982,90,2.421,5,384,20.8999996,12.3299999,20.1000004
Medford,-71.0662003,42.2425003,0.132620007,0,8.56000042,no,0.519999981,5.85099983,96.6999969,2.10689998,5,384,20.8999996,16.4699993,19.5
Medford,-71.0622025,42.2430992,0.171200007,0,8.56000042,no,0.519999981,5.83599997,91.9000015,2.21099997,5,384,20.8999996,18.6599998,19.5
Medford,-71.0552979,42.2464981,0.131170005,0,8.56000042,no,0.519999981,6.12699986,85.1999969,2.12240005,5,384,20.8999996,14.0900002,20.3999996
Medford,-71.0550003,42.2504997,0.128020003,0,8.56000042,no,0.519999981,6.47399998,97.0999985,2.43289995,5,384,20.8999996,12.2700005,19.7999992
Medford,-71.0599976,42.2540016,0.263630003,0,8.56000042,no,0.519999981,6.22900009,91.1999969,2.54509997,5,384,20.8999996,15.5500002,19.3999996
Medford,-71.0559998,42.2605019,0.107929997,0,8.56000042,no,0.519999981,6.19500017,54.4000015,2.77780008,5,384,20.8999996,13,21.7000008
Malden,-71.0475006,42.2610016,0.100840002,0,10.0100002,no,0.546999991,6.71500015,81.5999985,2.67750001,6,432,17.7999992,10.1599998,22.7999992
Malden,-71.0490036,42.2529984,0.123290002,0,10.0100002,no,0.546999991,5.91300011,92.9000015,2.35339999,6,432,17.7999992,16.2099991,18.7999992
Malden,-71.0428009,42.2579994,0.222120002,0,10.0100002,no,0.546999991,6.09200001,95.4000015,2.5480001,6,432,17.7999992,17.0900002,18.7000008
Malden,-71.0395966,42.2512016,0.142309994,0,10.0100002,no,0.546999991,6.25400019,84.1999969,2.25650001,6,432,17.7999992,10.4499998,18.5
Malden,-71.0354996,42.2545013,0.171340004,0,10.0100002,no,0.546999991,5.92799997,88.1999969,2.46309996,6,432,17.7999992,15.7600002,18.2999992
Malden,-71.0360031,42.2607994,0.131579995,0,10.0100002,no,0.546999991,6.17600012,72.5,2.73009992,6,432,17.7999992,12.04,21.2000008
Malden,-71.0285034,42.262001,0.150979996,0,10.0100002,no,0.546999991,6.02099991,82.5999985,2.74740005,6,432,17.7999992,10.3000002,19.2000008
Malden,-71.0285034,42.2579994,0.130579993,0,10.0100002,no,0.546999991,5.87200022,73.0999985,2.47749996,6,432,17.7999992,15.3699999,20.3999996
Malden,-71.0189972,42.2605019,0.144759998,0,10.0100002,no,0.546999991,5.73099995,65.1999969,2.7592001,6,432,17.7999992,13.6099997,19.2999992
Everett,-71.0242996,42.2482986,0.06899,0,25.6499996,no,0.58099997,5.86999989,69.6999969,2.25769997,2,188,19.1000004,14.3699999,22
Everett,-71.0311966,42.2504997,0.071649998,0,25.6499996,no,0.58099997,6.00400019,84.0999985,2.19740009,2,188,19.1000004,14.2700005,20.2999992
Everett,-71.0376968,42.2470016,0.092990004,0,25.6499996,no,0.58099997,5.96099997,92.9000015,2.0869,2,188,19.1000004,17.9300003,20.5
Everett,-71.0370026,42.2434998,0.15038,0,25.6499996,no,0.58099997,5.85599995,97,1.94439995,2,188,19.1000004,25.4099998,17.2999992
Everett,-71.0307999,42.2449989,0.09849,0,25.6499996,no,0.58099997,5.87900019,95.8000031,2.00629997,2,188,19.1000004,17.5799999,18.7999992
Everett,-71.0261993,42.2430992,0.169019997,0,25.6499996,no,0.58099997,5.98600006,88.4000015,1.99290001,2,188,19.1000004,14.8100004,21.3999996
Everett,-71.0333023,42.2394981,0.387349993,0,25.6499996,no,0.58099997,5.61299992,95.5999985,1.7572,2,188,19.1000004,27.2600002,15.6999998
Somerville,-71.0530014,42.2355003,0.259149998,0,21.8899994,no,0.624000013,5.69299984,96,1.78830004,4,437,21.2000008,17.1900005,16.2000008
Somerville,-71.0579987,42.2350006,0.325430006,0,21.8899994,no,0.624000013,6.43100023,98.8000031,1.8125,4,437,21.2000008,15.3900003,18
Somerville,-71.063797,42.2368011,0.881250024,0,21.8899994,no,0.624000013,5.63700008,94.6999969,1.9799,4,437,21.2000008,18.3400002,14.3000002
Somerville,-71.0691986,42.2389984,0.340059996,0,21.8899994,no,0.624000013,6.45800018,98.9000015,2.11849999,4,437,21.2000008,12.6000004,19.2000008
Somerville,-71.0749969,42.2400017,1.19294,0,21.8899994,no,0.624000013,6.32600021,97.6999969,2.27099991,4,437,21.2000008,12.2600002,19.6000004
Somerville,-71.074501,42.2405014,0.590049982,0,21.8899994,no,0.624000013,6.37200022,97.9000015,2.32739997,4,437,21.2000008,11.1199999,23
Somerville,-71.0790024,42.2449989,0.329820007,0,21.8899994,no,0.624000013,5.82200003,95.4000015,2.46989989,4,437,21.2000008,15.0299997,18.3999996
Somerville,-71.0759964,42.2405014,0.976170003,0,21.8899994,no,0.624000013,5.75699997,98.4000015,2.34599996,4,437,21.2000008,17.3099995,15.6000004
Somerville,-71.0749969,42.2361984,0.557780027,0,21.8899994,no,0.624000013,6.33500004,98.1999969,2.11069989,4,437,21.2000008,16.9599991,18.1000004
Somerville,-71.0677032,42.2335014,0.322640002,0,21.8899994,no,0.624000013,5.94199991,93.5,1.96689999,4,437,21.2000008,16.8999996,17.3999996
Somerville,-71.0630035,42.2324982,0.352329999,0,21.8899994,no,0.624000013,6.454,98.4000015,1.84979999,4,437,21.2000008,14.5900002,17.1000004
Somerville,-71.0619965,42.2275009,0.249799997,0,21.8899994,no,0.624000013,5.85699987,98.1999969,1.66859996,4,437,21.2000008,21.3199997,13.3000002
Somerville,-71.0568008,42.2299995,0.54452002,0,21.8899994,no,0.624000013,6.15100002,97.9000015,1.66869998,4,437,21.2000008,18.4599991,17.7999992
Somerville,-71.0518036,42.2312012,0.290899992,0,21.8899994,no,0.624000013,6.17399979,93.5999985,1.61189997,4,437,21.2000008,24.1599998,14
Somerville,-71.0542984,42.2265015,1.62864006,0,21.8899994,no,0.624000013,5.01900005,100,1.43939996,4,437,21.2000008,34.4099998,14.3999996
Cambridge,-71.0479965,42.2221985,3.32104993,0,19.5799999,yes,0.870999992,5.40299988,100,1.32159996,5,403,14.6999998,26.8199997,13.3999996
Cambridge,-71.0519028,42.2229996,4.09740019,0,19.5799999,no,0.870999992,5.46799994,100,1.41180003,5,403,14.6999998,26.4200001,15.6000004
Cambridge,-71.0510025,42.2205009,2.7797401,0,19.5799999,no,0.870999992,4.90299988,97.8000031,1.34590006,5,403,14.6999998,29.2900009,11.8000002
Cambridge,-71.0540009,42.2190018,2.37933993,0,19.5799999,no,0.870999992,6.13000011,100,1.41910005,5,403,14.6999998,27.7999992,13.8000002
Cambridge,-71.0589981,42.2210007,2.15505004,0,19.5799999,no,0.870999992,5.62799978,100,1.51660001,5,403,14.6999998,16.6499996,15.6000004
Cambridge,-71.0554962,42.2221985,2.36861992,0,19.5799999,no,0.870999992,4.92600012,95.6999969,1.46080005,5,403,14.6999998,29.5300007,14.6000004
Cambridge,-71.0567017,42.223999,2.33099008,0,19.5799999,no,0.870999992,5.18599987,93.8000031,1.52960002,5,403,14.6999998,28.3199997,17.7999992
Cambridge,-71.0579987,42.2229996,2.73396993,0,19.5799999,no,0.870999992,5.59700012,94.9000015,1.52569997,5,403,14.6999998,21.4500008,15.3999996
Cambridge,-71.0619965,42.2235985,1.6566,0,19.5799999,no,0.870999992,6.12200022,97.3000031,1.61800003,5,403,14.6999998,14.1000004,21.5
Cambridge,-71.0622025,42.2205009,1.49632001,0,19.5799999,no,0.870999992,5.40399981,100,1.59159994,5,403,14.6999998,13.2799997,19.6000004
Cambridge,-71.0589981,42.2169991,1.12658,0,19.5799999,yes,0.870999992,5.01200008,88,1.61020005,5,403,14.6999998,12.1199999,15.3000002
Cambridge,-71.0644989,42.2150002,2.14917994,0,19.5799999,no,0.870999992,5.70900011,98.5,1.62320006,5,403,14.6999998,15.79,19.3999996
Cambridge,-71.0662003,42.2162018,1.41384995,0,19.5799999,yes,0.870999992,6.12900019,96,1.74940002,5,403,14.6999998,15.1199999,17
Cambridge,-71.0680008,42.2150002,3.5350101,0,19.5799999,yes,0.870999992,6.15199995,82.5999985,1.74549997,5,403,14.6999998,15.0200005,15.6000004
Cambridge,-71.0667038,42.2200012,2.44668007,0,19.5799999,no,0.870999992,5.27199984,94,1.73640001,5,403,14.6999998,16.1399994,13.1000004
Cambridge,-71.0690002,42.2285004,1.22358,0,19.5799999,no,0.605000019,6.94299984,97.4000015,1.87730002,5,403,14.6999998,4.59000015,41.2999992
Cambridge,-71.0670013,42.2244987,1.34283996,0,19.5799999,no,0.605000019,6.06599998,100,1.75730002,5,403,14.6999998,6.42999983,24.2999992
Cambridge,-71.0650024,42.2223015,1.42501998,0,19.5799999,no,0.870999992,6.51000023,100,1.76590002,5,403,14.6999998,7.38999987,23.2999992
Cambridge,-71.0699997,42.2214012,1.27346003,0,19.5799999,yes,0.605000019,6.25,92.5999985,1.79840004,5,403,14.6999998,5.5,27
Cambridge,-71.0735016,42.228199,1.46335995,0,19.5799999,no,0.605000019,7.48899984,90.8000031,1.97090006,5,403,14.6999998,1.73000002,50
Cambridge,-71.0770035,42.2249985,1.83377004,0,19.5799999,yes,0.605000019,7.80200005,98.1999969,2.04069996,5,403,14.6999998,1.91999996,50
Cambridge,-71.0814972,42.2249985,1.51901996,0,19.5799999,yes,0.605000019,8.375,93.9000015,2.16199994,5,403,14.6999998,3.31999993,50
Cambridge,-71.0917969,42.2265015,2.24236012,0,19.5799999,no,0.605000019,5.85400009,91.8000031,2.42199993,5,403,14.6999998,11.6400003,22.7000008
Cambridge,-71.0820007,42.2294998,2.92400002,0,19.5799999,no,0.605000019,6.10099983,93,2.28340006,5,403,14.6999998,9.81000042,25
Cambridge,-71.0770035,42.2304993,2.01019001,0,19.5799999,no,0.605000019,7.9289999,96.1999969,2.04590011,5,403,14.6999998,3.70000005,50
Cambridge,-71.0866013,42.2345009,1.80027997,0,19.5799999,no,0.605000019,5.87699986,79.1999969,2.42589998,5,403,14.6999998,12.1400003,23.7999992
Cambridge,-71.0739975,42.2331009,2.30040002,0,19.5799999,no,0.605000019,6.31899977,96.0999985,2.0999999,5,403,14.6999998,11.1000004,23.7999992
Cambridge,-71.0774994,42.2350998,2.44952989,0,19.5799999,no,0.605000019,6.40199995,95.1999969,2.26250005,5,403,14.6999998,11.3199997,22.2999992
Cambridge,-71.0810013,42.2368011,1.20741999,0,19.5799999,no,0.605000019,5.875,94.5999985,2.42589998,5,403,14.6999998,14.4300003,17.3999996
Cambridge,-71.0792007,42.2389984,2.31389999,0,19.5799999,no,0.605000019,5.88000011,97.3000031,2.38870001,5,403,14.6999998,12.0299997,19.1000004
Arlington,-71.086998,42.2416,0.139139995,0,4.05000019,no,0.50999999,5.57200003,88.5,2.59610009,5,296,16.6000004,14.6899996,23.1000004
Arlington,-71.0855026,42.2449989,0.091779999,0,4.05000019,no,0.50999999,6.41599989,84.0999985,2.64630008,5,296,16.6000004,9.03999996,23.6000004
Arlington,-71.0832977,42.2475014,0.084469996,0,4.05000019,no,0.50999999,5.85900021,68.6999969,2.70190001,5,296,16.6000004,9.64000034,22.6000004
Arlington,-71.0940018,42.2574997,0.066639997,0,4.05000019,no,0.50999999,6.546,33.0999985,3.1322999,5,296,16.6000004,5.32999992,29.3999996
Arlington,-71.1125031,42.2550011,0.070220001,0,4.05000019,no,0.50999999,6.01999998,47.2000008,3.55489993,5,296,16.6000004,10.1099997,23.2000008
Arlington,-71.1060028,42.2512016,0.054249998,0,4.05000019,no,0.50999999,6.31500006,73.4000015,3.31750011,5,296,16.6000004,6.28999996,24.6000004
Arlington,-71.0964966,42.2470016,0.066419996,0,4.05000019,no,0.50999999,6.86000013,74.4000015,2.91529989,5,296,16.6000004,6.92000008,29.8999996
Belmont,-71.0999985,42.240799,0.057799999,0,2.46000004,no,0.488000005,6.98000002,58.4000015,2.829,3,193,17.7999992,5.03999996,37.2000008
Belmont,-71.0995026,42.2345009,0.065880001,0,2.46000004,no,0.488000005,7.76499987,83.3000031,2.74099994,3,193,17.7999992,7.55999994,39.7999992
Belmont,-71.0966034,42.228199,0.068879999,0,2.46000004,no,0.488000005,6.14400005,62.2000008,2.59789991,3,193,17.7999992,9.44999981,36.2000008
Belmont,-71.100502,42.2286987,0.091030002,0,2.46000004,no,0.488000005,7.15500021,92.1999969,2.70059991,3,193,17.7999992,4.82000017,37.9000015
Belmont,-71.1064987,42.2299995,0.100079998,0,2.46000004,no,0.488000005,6.5630002,95.5999985,2.84699988,3,193,17.7999992,5.67999983,32.5
Belmont,-71.1119995,42.2299995,0.083080001,0,2.46000004,no,0.488000005,5.60400009,89.8000031,2.98790002,3,193,17.7999992,13.9799995,26.3999996
Belmont,-71.1175003,42.2350006,0.06047,0,2.46000004,no,0.488000005,6.15299988,68.8000031,3.27970004,3,193,17.7999992,13.1499996,29.6000004
Belmont,-71.1115036,42.2442017,0.056019999,0,2.46000004,no,0.488000005,7.83099985,53.5999985,3.19919991,3,193,17.7999992,4.44999981,50
Lexington,-71.1220016,42.2565002,0.078749999,45,3.44000006,no,0.437000006,6.78200006,41.0999985,3.78859997,5,398,15.1999998,6.67999983,32
Lexington,-71.1408005,42.2550011,0.12579,45,3.44000006,no,0.437000006,6.55600023,29.1000004,4.56669998,5,398,15.1999998,4.55999994,29.7999992
Lexington,-71.1449966,42.2650986,0.083700001,45,3.44000006,no,0.437000006,7.18499994,38.9000015,4.56669998,5,398,15.1999998,5.38999987,34.9000015
Lexington,-71.1215973,42.2700005,0.090680003,45,3.44000006,no,0.437000006,6.95100021,21.5,6.47980022,5,398,15.1999998,5.0999999,33
Lexington,-71.1484985,42.2765007,0.069109999,45,3.44000006,no,0.437000006,6.73899984,30.7999992,6.47980022,5,398,15.1999998,4.69000006,30.5
Lexington,-71.1340027,42.2784996,0.08664,45,3.44000006,no,0.437000006,7.17799997,26.2999992,6.47980022,5,398,15.1999998,2.86999989,36.4000015
Bedford,-71.1524963,42.2999992,0.02187,60,2.93000007,no,0.400999993,6.80000019,9.89999962,6.2196002,1,265,15.6000004,5.03000021,31.1000004
Bedford,-71.1632996,42.3030014,0.01439,60,2.93000007,no,0.400999993,6.60400009,18.7999992,6.2196002,1,265,15.6000004,4.38000011,29.1000004
Lincoln,-71.189003,42.2524986,0.01381,80,0.460000008,no,0.421999991,7.875,32,5.64839983,4,255,14.3999996,2.97000003,50
Concord,-71.2200012,42.2714996,0.04011,80,1.51999998,no,0.404000014,7.28700018,34.0999985,7.30900002,2,329,12.6000004,4.07999992,33.2999992
Concord,-71.2399979,42.2724991,0.046659999,80,1.51999998,no,0.404000014,7.10699987,36.5999985,7.30900002,2,329,12.6000004,8.60999966,30.2999992
Concord,-71.2220001,42.2890015,0.03768,80,1.51999998,no,0.404000014,7.27400017,38.2999992,7.30900002,2,329,12.6000004,6.61999989,34.5999985
Sudbury,-71.2440033,42.2425003,0.031500001,95,1.47000003,no,0.402999997,6.9749999,15.3000002,7.65339994,3,402,17,4.55999994,34.9000015
Sudbury,-71.2630005,42.2224998,0.01778,95,1.47000003,no,0.402999997,7.13500023,13.8999996,7.65339994,3,402,17,4.44999981,32.9000015
Wayland,-71.2184982,42.1954994,0.034449998,82.5,2.02999997,no,0.414999992,6.16200018,38.4000015,6.26999998,2,348,14.6999998,7.42999983,24.1000004
Wayland,-71.2139969,42.2179985,0.02177,82.5,2.02999997,no,0.414999992,7.61000013,15.6999998,6.26999998,2,348,14.6999998,3.1099999,42.2999992
Weston,-71.1989975,42.2319984,0.035100002,95,2.68000007,no,0.416099995,7.85300016,33.2000008,5.11800003,4,224,14.6999998,3.80999994,48.5
Weston,-71.1989975,42.2057991,0.020090001,95,2.68000007,no,0.416099995,8.0340004,31.8999996,5.11800003,4,224,14.6999998,2.88000011,50
Waltham,-71.1474991,42.2444992,0.136419997,0,10.5900002,no,0.488999993,5.89099979,22.2999992,3.9454,4,277,18.6000004,10.8699999,22.6000004
Waltham,-71.1500015,42.2308006,0.22969,0,10.5900002,no,0.488999993,6.32600021,52.5,4.35489988,4,277,18.6000004,10.9700003,24.3999996
Waltham,-71.1490021,42.226799,0.25198999,0,10.5900002,no,0.488999993,5.78299999,72.6999969,4.35489988,4,277,18.6000004,18.0599995,22.5
Waltham,-71.1502991,42.2220001,0.135869995,0,10.5900002,yes,0.488999993,6.06400013,59.0999985,4.23920012,4,277,18.6000004,14.6599998,24.3999996
Waltham,-71.1429977,42.2216988,0.435710013,0,10.5900002,yes,0.488999993,5.34399986,100,3.875,4,277,18.6000004,23.0900002,20
Waltham,-71.1435013,42.217701,0.174459994,0,10.5900002,yes,0.488999993,5.96000004,92.0999985,3.87709999,4,277,18.6000004,17.2700005,21.7000008
Waltham,-71.1380005,42.2215996,0.375779986,0,10.5900002,yes,0.488999993,5.40399981,88.5999985,3.66499996,4,277,18.6000004,23.9799995,19.2999992
Waltham,-71.1334991,42.2249985,0.217189997,0,10.5900002,yes,0.488999993,5.80700016,53.7999992,3.65260005,4,277,18.6000004,16.0300007,22.3999996
Waltham,-71.1374969,42.2355003,0.140520006,0,10.5900002,no,0.488999993,6.375,32.2999992,3.9454,4,277,18.6000004,9.38000011,28.1000004
Waltham,-71.1269989,42.2350006,0.289550006,0,10.5900002,no,0.488999993,5.41200018,9.80000019,3.5875001,4,277,18.6000004,29.5499992,23.7000008
Waltham,-71.1244965,42.2276993,0.198019996,0,10.5900002,no,0.488999993,6.18200016,42.4000015,3.9454,4,277,18.6000004,9.47000027,25
Watertown,-71.1166,42.2229996,0.045600001,0,13.8900003,yes,0.550000012,5.88800001,56,3.11209989,5,276,16.3999996,13.5100002,23.2999992
Watertown,-71.1050034,42.2234993,0.070129998,0,13.8900003,no,0.550000012,6.6420002,85.0999985,3.4210999,5,276,16.3999996,9.68999958,28.7000008
Watertown,-71.0932999,42.2220001,0.110689998,0,13.8900003,yes,0.550000012,5.95100021,93.8000031,2.88930011,5,276,16.3999996,17.9200001,21.5
Watertown,-71.1060028,42.2184982,0.114249997,0,13.8900003,yes,0.550000012,6.37300014,92.4000015,3.36330009,5,276,16.3999996,10.5,23
Newton,-71.1100006,42.2136993,0.358090013,0,6.19999981,yes,0.507000029,6.95100021,88.5,2.86170006,8,307,17.3999996,9.71000004,26.7000008
Newton,-71.1210022,42.2165985,0.407709986,0,6.19999981,yes,0.507000029,6.16400003,91.3000031,3.0480001,8,307,17.3999996,21.4599991,21.7000008
Newton,-71.125,42.2134018,0.623560011,0,6.19999981,yes,0.507000029,6.87900019,77.6999969,3.27209997,8,307,17.3999996,9.93000031,27.5
Newton,-71.1207962,42.2182999,0.614700019,0,6.19999981,no,0.507000029,6.61800003,80.8000031,3.27209997,8,307,17.3999996,7.5999999,30.1000004
Newton,-71.1100006,42.2060013,0.315329999,0,6.19999981,no,0.504000008,8.26599979,78.3000031,2.89439988,8,307,17.3999996,4.13999987,44.7999992
Newton,-71.1011963,42.1974983,0.526929975,0,6.19999981,no,0.504000008,8.72500038,83,2.89439988,8,307,17.3999996,4.63000011,50
Newton,-71.1214981,42.2024994,0.382140011,0,6.19999981,no,0.504000008,8.03999996,86.5,3.21569991,8,307,17.3999996,3.13000011,37.5999985
Newton,-71.1159973,42.1946983,0.41238001,0,6.19999981,no,0.504000008,7.16300011,79.9000015,3.21569991,8,307,17.3999996,6.36000013,31.6000004
Newton,-71.1100006,42.1850014,0.298189998,0,6.19999981,no,0.504000008,7.68599987,17,3.3750999,8,307,17.3999996,3.92000008,46.7000008
Newton,-71.1190033,42.1806984,0.441780001,0,6.19999981,no,0.504000008,6.55200005,21.3999996,3.3750999,8,307,17.3999996,3.75999999,31.5
Newton,-71.1299973,42.1879997,0.537,0,6.19999981,no,0.504000008,5.98099995,68.0999985,3.67149997,8,307,17.3999996,11.6499996,24.2999992
Newton,-71.1285019,42.1930008,0.462960005,0,6.19999981,no,0.504000008,7.41200018,76.9000015,3.67149997,8,307,17.3999996,5.25,31.7000008
Newton,-71.1399994,42.1945992,0.575290024,0,6.19999981,no,0.507000029,8.33699989,73.3000031,3.83839989,8,307,17.3999996,2.47000003,41.7000008
Newton,-71.1340027,42.2039986,0.331470013,0,6.19999981,no,0.507000029,8.24699974,70.4000015,3.65190005,8,307,17.3999996,3.95000005,48.2999992
Newton,-71.1320038,42.2141991,0.447910011,0,6.19999981,yes,0.507000029,6.72599983,66.5,3.65190005,8,307,17.3999996,8.05000019,29
Newton,-71.1380005,42.2140999,0.330449998,0,6.19999981,no,0.507000029,6.08599997,61.5,3.65190005,8,307,17.3999996,10.8800001,24
Newton,-71.1484985,42.2109985,0.520579994,0,6.19999981,yes,0.507000029,6.63100004,76.5,4.14799976,8,307,17.3999996,9.53999996,25.1000004
Newton,-71.1491013,42.2029991,0.511829972,0,6.19999981,no,0.507000029,7.3579998,71.5999985,4.14799976,8,307,17.3999996,4.73000002,31.5
Natick,-71.2054977,42.1875,0.082439996,30,4.92999983,no,0.428000003,6.48099995,18.5,6.18989992,6,300,16.6000004,6.36000013,23.7000008
Natick,-71.2034988,42.1870003,0.092519999,30,4.92999983,no,0.428000003,6.60599995,42.2000008,6.18989992,6,300,16.6000004,7.36999989,23.2999992
Natick,-71.1966019,42.1640015,0.113289997,30,4.92999983,no,0.428000003,6.89699984,54.2999992,6.3361001,6,300,16.6000004,11.3800001,27
Natick,-71.2137985,42.1645012,0.106119998,30,4.92999983,no,0.428000003,6.09499979,65.0999985,6.3361001,6,300,16.6000004,12.3999996,20.1000004
Natick,-71.2200012,42.1781998,0.102899998,30,4.92999983,no,0.428000003,6.3579998,52.9000015,7.03550005,6,300,16.6000004,11.2200003,22.2000008
Natick,-71.2320023,42.1725006,0.127570003,30,4.92999983,no,0.428000003,6.39300013,7.80000019,7.03550005,6,300,16.6000004,5.19000006,23.7000008
Framingham,-71.2434998,42.1629982,0.206080005,22,5.86000013,no,0.430999994,5.59299994,76.5,7.95489979,7,330,19.1000004,12.5,17.6000004
Framingham,-71.2574997,42.1618004,0.191330001,22,5.86000013,no,0.430999994,5.60500002,70.1999969,7.95489979,7,330,19.1000004,18.4599991,18.5
Framingham,-71.262001,42.1689987,0.339830011,22,5.86000013,no,0.430999994,6.1079998,34.9000015,8.05550003,7,330,19.1000004,9.15999985,24.2999992
Framingham,-71.2470016,42.1702995,0.196569994,22,5.86000013,no,0.430999994,6.22599983,79.1999969,8.05550003,7,330,19.1000004,10.1499996,20.5
Framingham,-71.2549973,42.1767006,0.164389998,22,5.86000013,no,0.430999994,6.43300009,49.0999985,7.82649994,7,330,19.1000004,9.52000046,24.5
Framingham,-71.2474976,42.1824989,0.190730006,22,5.86000013,no,0.430999994,6.71799994,17.5,7.82649994,7,330,19.1000004,6.55999994,26.2000008
Framingham,-71.237999,42.1910019,0.140300006,22,5.86000013,no,0.430999994,6.48699999,13,7.39669991,7,330,19.1000004,5.9000001,24.3999996
Framingham,-71.2434998,42.1982002,0.214090005,22,5.86000013,no,0.430999994,6.4380002,8.89999962,7.39669991,7,330,19.1000004,3.58999991,24.7999992
Framingham,-71.2685013,42.1935005,0.082209997,22,5.86000013,no,0.430999994,6.95699978,6.80000019,8.90670013,7,330,19.1000004,3.52999997,29.6000004
Framingham,-71.2807007,42.172699,0.368939996,22,5.86000013,no,0.430999994,8.25899982,8.39999962,8.90670013,7,330,19.1000004,3.53999996,42.7999992
Ashland,-71.2894974,42.1575012,0.048190001,80,3.6400001,no,0.39199999,6.1079998,32,9.22029972,1,315,16.3999996,6.57000017,21.8999996
Ashland,-71.2689972,42.148201,0.03548,80,3.6400001,no,0.39199999,5.87599993,19.1000004,9.22029972,1,315,16.3999996,9.25,20.8999996
Sherborn,-71.2229996,42.1450005,0.01538,90,3.75,no,0.393999994,7.454,34.2000008,6.3361001,3,244,15.8999996,3.1099999,44
Brookline,-71.0679016,42.2072983,0.61154002,20,3.97000003,no,0.647000015,8.70400047,86.9000015,1.801,5,264,13,5.11999989,50
Brookline,-71.0727005,42.2076988,0.663510025,20,3.97000003,no,0.647000015,7.33300018,100,1.89460003,5,264,13,7.78999996,36
Brookline,-71.0764999,42.2075005,0.656650007,20,3.97000003,no,0.647000015,6.84200001,100,2.01069999,5,264,13,6.9000001,30.1000004
Brookline,-71.0800018,42.2039986,0.540109992,20,3.97000003,no,0.647000015,7.20300007,81.8000031,2.11209989,5,264,13,9.59000015,33.7999992
Brookline,-71.0790024,42.2019997,0.534120023,20,3.97000003,no,0.647000015,7.51999998,89.4000015,2.13980007,5,264,13,7.26000023,43.0999985
Brookline,-71.0835037,42.2000008,0.520139992,20,3.97000003,no,0.647000015,8.39799976,91.5,2.28850007,5,264,13,5.90999985,48.7999992
Brookline,-71.0749969,42.1980019,0.825259984,20,3.97000003,no,0.647000015,7.32700014,94.5,2.07879996,5,264,13,11.25,31
Brookline,-71.0709991,42.2029991,0.550069988,20,3.97000003,no,0.647000015,7.20599985,91.5999985,1.93009996,5,264,13,8.10000038,36.5
Brookline,-71.0699997,42.2000008,0.761619985,20,3.97000003,no,0.647000015,5.55999994,62.7999992,1.98650002,5,264,13,10.4499998,22.7999992
Brookline,-71.0725021,42.1964989,0.785700023,20,3.97000003,no,0.647000015,7.01399994,84.5999985,2.1329,5,264,13,14.79,30.7000008
Brookline,-71.0849991,42.1925011,0.578339994,20,3.97000003,no,0.574999988,8.29699993,67,2.4216001,5,264,13,7.44000006,50
Brookline,-71.0924988,42.2075005,0.540499985,20,3.97000003,no,0.574999988,7.46999979,52.5999985,2.87199998,5,264,13,3.16000009,43.5
Dedham,-71.0979996,42.1539993,0.09065,20,6.96000004,yes,0.463999987,5.92000008,61.5,3.91750002,3,223,18.6000004,13.6499996,20.7000008
Dedham,-71.086998,42.1409988,0.299160004,20,6.96000004,no,0.463999987,5.85599995,42.0999985,4.4289999,3,223,18.6000004,13,21.1000004
Dedham,-71.0940018,42.1355019,0.162110001,20,6.96000004,no,0.463999987,6.23999977,16.2999992,4.4289999,3,223,18.6000004,6.59000015,25.2000008
Dedham,-71.0981979,42.1445007,0.114600003,20,6.96000004,no,0.463999987,6.53800011,58.7000008,3.91750002,3,223,18.6000004,7.73000002,24.3999996
Dedham,-71.1169968,42.151001,0.221880004,20,6.96000004,yes,0.463999987,7.69099998,51.7999992,4.3664999,3,223,18.6000004,6.57999992,35.2000008
Needham,-71.1305008,42.1674995,0.05644,40,6.40999985,yes,0.446999997,6.7579999,32.9000015,4.0776,4,254,17.6000004,3.52999997,32.4000015
Needham,-71.1380005,42.1733017,0.096040003,40,6.40999985,no,0.446999997,6.85400009,42.7999992,4.26730013,4,254,17.6000004,2.98000002,32
Needham,-71.1405029,42.1632004,0.10469,40,6.40999985,yes,0.446999997,7.2670002,49,4.78719997,4,254,17.6000004,6.05000019,33.2000008
Needham,-71.149498,42.1730003,0.061269999,40,6.40999985,yes,0.446999997,6.82600021,27.6000004,4.86280012,4,254,17.6000004,4.15999985,33.0999985
Needham,-71.1395035,42.1813011,0.079779998,40,6.40999985,no,0.446999997,6.48199987,32.0999985,4.1402998,4,254,17.6000004,7.19000006,29.1000004
Wellesley,-71.1480026,42.1879997,0.210380003,20,3.32999992,no,0.442900002,6.8119998,32.2000008,4.1006999,5,216,14.8999996,4.8499999,35.0999985
Wellesley,-71.1660004,42.1870003,0.035780001,20,3.32999992,no,0.442900002,7.82000017,64.5,4.69469976,5,216,14.8999996,3.75999999,45.4000015
Wellesley,-71.1849976,42.1847992,0.037050001,20,3.32999992,no,0.442900002,6.96799994,37.2000008,5.24469995,5,216,14.8999996,4.59000015,35.4000015
Wellesley,-71.1774979,42.1735001,0.06129,20,3.32999992,yes,0.442900002,7.64499998,49.7000008,5.21190023,5,216,14.8999996,3.00999999,46
Dover,-71.1729965,42.1474991,0.01501,90,1.21000004,yes,0.400999993,7.92299986,24.7999992,5.88500023,1,198,13.6000004,3.16000009,50
Medfield,-71.1800003,42.1105003,0.00906,90,2.97000003,no,0.400000006,7.08799982,20.7999992,7.30730009,1,285,15.3000002,7.8499999,32.2000008
Millis,-71.213501,42.0999985,0.01096,55,2.25,no,0.388999999,6.45300007,31.8999996,7.30730009,1,300,15.3000002,8.22999954,22
Norfolk,-71.1949997,42.0675011,0.019649999,80,1.75999999,no,0.38499999,6.23000002,31.5,9.08920002,1,241,18.2000008,12.9300003,20.1000004
Walpole,-71.1480026,42.0774994,0.038710002,52.5,5.32000017,no,0.405000001,6.20900011,31.2999992,7.31720018,6,293,16.6000004,7.13999987,23.2000008
Walpole,-71.1324997,42.0940018,0.045899998,52.5,5.32000017,no,0.405000001,6.31500006,45.5999985,7.31720018,6,293,16.6000004,7.5999999,22.2999992
Walpole,-71.1549988,42.0979996,0.042970002,52.5,5.32000017,no,0.405000001,6.56500006,22.8999996,7.31720018,6,293,16.6000004,9.51000023,24.7999992
Westwood,-71.1384964,42.1235008,0.035020001,80,4.94999981,no,0.411000013,6.86100006,27.8999996,5.11670017,4,245,19.2000008,3.32999992,28.5
Westwood,-71.1330032,42.1408005,0.07886,80,4.94999981,no,0.411000013,7.14799976,27.7000008,5.11670017,4,245,19.2000008,3.55999994,37.2999992
Westwood,-71.1070023,42.1306992,0.036150001,80,4.94999981,no,0.411000013,6.63000011,23.3999996,5.11670017,4,245,19.2000008,4.69999981,27.8999996
Norwood,-71.1090012,42.1100006,0.082649998,0,13.9200001,no,0.437000006,6.12699986,18.3999996,5.50269985,4,289,16,8.57999992,23.8999996
Norwood,-71.1179962,42.1217003,0.081990004,0,13.9200001,no,0.437000006,6.00899982,42.2999992,5.50269985,4,289,16,10.3999996,21.7000008
Norwood,-71.1308975,42.1166,0.129319996,0,13.9200001,no,0.437000006,6.67799997,31.1000004,5.9604001,4,289,16,6.26999998,28.6000004
Norwood,-71.1279984,42.1108017,0.053720001,0,13.9200001,no,0.437000006,6.54899979,51,5.9604001,4,289,16,7.38999987,27.1000004
Norwood,-71.1210022,42.1025009,0.141029999,0,13.9200001,no,0.437000006,5.78999996,58,6.32000017,4,289,16,15.8400002,20.2999992
Sharon,-71.1200027,42.0724983,0.064659998,70,2.24000001,no,0.400000006,6.34499979,20.1000004,7.8277998,5,358,14.8000002,4.96999979,22.5
Sharon,-71.0999985,42.0589981,0.055610001,70,2.24000001,no,0.400000006,7.04099989,10,7.8277998,5,358,14.8000002,4.73999977,29
Sharon,-71.1035004,42.0735016,0.04417,70,2.24000001,no,0.400000006,6.87099981,47.4000015,7.8277998,5,358,14.8000002,6.07000017,24.7999992
Canton,-71.0875015,42.0950012,0.03537,34,6.09000015,no,0.432999998,6.59000015,40.4000015,5.49170017,7,329,16.1000004,9.5,22
Canton,-71.0625,42.1020012,0.092660002,34,6.09000015,no,0.432999998,6.49499989,18.3999996,5.49170017,7,329,16.1000004,8.67000008,26.3999996
Canton,-71.0865021,42.1199989,0.100000001,34,6.09000015,no,0.432999998,6.98199987,17.7000008,5.49170017,7,329,16.1000004,4.86000013,33.0999985
Milton,-71.0465012,42.1450005,0.055149999,33,2.18000007,no,0.472000003,7.23600006,41.0999985,4.02199984,7,222,18.3999996,6.92999983,36.0999985
Milton,-71.0569992,42.1525002,0.054790001,33,2.18000007,no,0.472000003,6.61600018,58.0999985,3.36999989,7,222,18.3999996,8.93000031,28.3999996
Milton,-71.0449982,42.1590004,0.075029999,33,2.18000007,no,0.472000003,7.42000008,71.9000015,3.09920001,7,222,18.3999996,6.46999979,33.4000015
Milton,-71.0279999,42.1565018,0.049320001,33,2.18000007,no,0.472000003,6.84899998,70.3000031,3.18269992,7,222,18.3999996,7.53000021,28.2000008
Quincy,-71.0138016,42.1554985,0.492980003,0,9.89999962,no,0.54400003,6.63500023,82.5,3.31750011,4,304,18.3999996,4.53999996,22.7999992
Quincy,-71.0201035,42.1599998,0.349400014,0,9.89999962,no,0.54400003,5.97200012,76.6999969,3.10249996,4,304,18.3999996,9.97000027,20.2999992
Quincy,-71.0159988,42.1759987,2.63547993,0,9.89999962,no,0.54400003,4.97300005,37.7999992,2.51939988,4,304,18.3999996,12.6400003,16.1000004
Quincy,-71.0074997,42.1780014,0.790409982,0,9.89999962,no,0.54400003,6.12200022,52.7999992,2.64030004,4,304,18.3999996,5.98000002,22.1000004
Quincy,-71.0149994,42.1669998,0.261689991,0,9.89999962,no,0.54400003,6.02299976,90.4000015,2.83400011,4,304,18.3999996,11.7200003,19.3999996
Quincy,-71.0074997,42.1613007,0.269380003,0,9.89999962,no,0.54400003,6.26599979,82.8000031,3.26279998,4,304,18.3999996,7.9000001,21.6000004
Quincy,-71,42.1529999,0.369199991,0,9.89999962,no,0.54400003,6.56699991,87.3000031,3.60229993,4,304,18.3999996,9.27999973,23.7999992
Quincy,-70.9794998,42.1580009,0.253560007,0,9.89999962,no,0.54400003,5.70499992,77.6999969,3.94499993,4,304,18.3999996,11.5,16.2000008
Quincy,-70.987999,42.1484985,0.318269998,0,9.89999962,no,0.54400003,5.91400003,83.1999969,3.99860001,4,304,18.3999996,18.3299999,17.7999992
Quincy,-71.0039978,42.1425018,0.245220006,0,9.89999962,no,0.54400003,5.78200006,71.6999969,4.03170013,4,304,18.3999996,15.9399996,19.7999992
Quincy,-71.0100021,42.1500015,0.402020007,0,9.89999962,no,0.54400003,6.38199997,67.1999969,3.53250003,4,304,18.3999996,10.3599997,23.1000004
Quincy,-71.0199966,42.151001,0.475470006,0,9.89999962,no,0.54400003,6.11299992,58.7999992,4.0019002,4,304,18.3999996,12.7299995,21
Braintree,-71.0084991,42.1290016,0.167600006,0,7.38000011,no,0.493000001,6.42600012,52.2999992,4.54040003,5,287,19.6000004,7.19999981,23.7999992
Braintree,-70.9974976,42.1339989,0.181590006,0,7.38000011,no,0.493000001,6.37599993,54.2999992,4.54040003,5,287,19.6000004,6.86999989,23.1000004
Braintree,-70.9899979,42.1366997,0.351139992,0,7.38000011,no,0.493000001,6.04099989,49.9000015,4.72109985,5,287,19.6000004,7.69999981,20.3999996
Braintree,-70.9833984,42.1375008,0.28391999,0,7.38000011,no,0.493000001,5.70800018,74.3000031,4.72109985,5,287,19.6000004,11.7399998,18.5
Braintree,-70.989502,42.1264992,0.341089994,0,7.38000011,no,0.493000001,6.41499996,40.0999985,4.72109985,5,287,19.6000004,6.11999989,25
Braintree,-71,42.1066017,0.191860005,0,7.38000011,no,0.493000001,6.43100023,14.6999998,5.41590023,5,287,19.6000004,5.07999992,24.6000004
Braintree,-70.9994965,42.1175003,0.303469986,0,7.38000011,no,0.493000001,6.3119998,28.8999996,5.41590023,5,287,19.6000004,6.1500001,23
Braintree,-71.0100021,42.1214981,0.241029993,0,7.38000011,no,0.493000001,6.08300018,43.7000008,5.41590023,5,287,19.6000004,12.79,22.2000008
Randolph,-71.0274963,42.112999,0.06617,0,3.24000001,no,0.460000008,5.86800003,25.7999992,5.21460009,4,430,16.8999996,9.97000027,19.2999992
Randolph,-71.0414963,42.1150017,0.06724,0,3.24000001,no,0.460000008,6.33300018,17.2000008,5.21460009,4,430,16.8999996,7.34000015,22.6000004
Randolph,-71.0250015,42.0979996,0.04544,0,3.24000001,no,0.460000008,6.14400005,32.2000008,5.87360001,4,430,16.8999996,9.09000015,19.7999992
Holbrook,-71.0114975,42.0864983,0.05023,35,6.05999994,no,0.437900007,5.70599985,28.3999996,6.64069986,1,304,16.8999996,12.4300003,17.1000004
Holbrook,-70.9960022,42.0895004,0.03466,35,6.05999994,no,0.437900007,6.03100014,23.2999992,6.64069986,1,304,16.8999996,7.82999992,19.3999996
Weymouth,-70.9794998,42.0994987,0.050829999,0,5.19000006,no,0.514999986,6.31599998,38.0999985,6.45839977,5,224,20.2000008,5.67999983,22.2000008
Weymouth,-70.9649963,42.1010017,0.037379999,0,5.19000006,no,0.514999986,6.30999994,38.5,6.45839977,5,224,20.2000008,6.75,20.7000008
Weymouth,-70.9700012,42.1150017,0.039609999,0,5.19000006,no,0.514999986,6.03700018,34.5,5.98530006,5,224,20.2000008,8.01000023,21.1000004
Weymouth,-70.9759979,42.1279984,0.03427,0,5.19000006,no,0.514999986,5.86899996,46.2999992,5.23110008,5,224,20.2000008,9.80000019,19.5
Weymouth,-70.9601974,42.1269989,0.030409999,0,5.19000006,no,0.514999986,5.89499998,59.5999985,5.61499977,5,224,20.2000008,10.5600004,18.5
Weymouth,-70.9633026,42.1374016,0.033059999,0,5.19000006,no,0.514999986,6.05900002,37.2999992,4.81220007,5,224,20.2000008,8.51000023,20.6000004
Weymouth,-70.9674988,42.144001,0.05497,0,5.19000006,no,0.514999986,5.98500013,45.4000015,4.81220007,5,224,20.2000008,9.73999977,19
Weymouth,-70.9649963,42.1502991,0.06151,0,5.19000006,no,0.514999986,5.96799994,58.5,4.81220007,5,224,20.2000008,9.28999996,18.7000008
Cohasset,-70.8874969,42.1464996,0.01301,35,1.51999998,no,0.442000002,7.24100018,49.2999992,7.03789997,1,284,15.5,5.48999977,32.7000008
Hull,-70.9150009,42.1599998,0.024979999,0,1.88999999,no,0.518000007,6.53999996,59.7000008,6.26690006,1,422,15.8999996,8.64999962,16.5
Hingham,-70.9369965,42.1474991,0.02543,55,3.77999997,no,0.483999997,6.6960001,56.4000015,5.73210001,5,370,17.6000004,7.17999983,23.8999996
Hingham,-70.9325027,42.1230011,0.03049,55,3.77999997,no,0.483999997,6.87400007,28.1000004,6.46540022,5,370,17.6000004,4.61000013,31.2000008
Rockland,-70.9469986,42.0724983,0.031129999,0,4.38999987,no,0.442000002,6.01399994,48.5,8.01360035,3,352,18.7999992,10.5299997,17.5
Rockland,-70.9501038,42.0825005,0.061620001,0,4.38999987,no,0.442000002,5.89799976,52.2999992,8.01360035,3,352,18.7999992,12.6700001,17.2000008
Hanover,-70.9274979,42.0794983,0.0187,85,4.1500001,no,0.42899999,6.51599979,27.7000008,8.53530025,4,351,17.8999996,6.36000013,23.1000004
Norwell,-70.9199982,42.1016006,0.01501,80,2.00999999,no,0.435000002,6.63500023,29.7000008,8.34399986,4,280,17,5.98999977,24.5
Scituate,-70.8550034,42.1300011,0.02899,40,1.25,no,0.42899999,6.93900013,34.5,8.79209995,1,335,19.7000008,5.88999987,26.6000004
Scituate,-70.8330002,42.1150017,0.062109999,40,1.25,no,0.42899999,6.48999977,44.4000015,8.79209995,1,335,19.7000008,5.98000002,22.8999996
Marshfield,-70.8300018,42.0774994,0.079499997,60,1.69000006,no,0.411000013,6.579,35.9000015,10.7103004,4,411,18.2999992,5.48999977,24.1000004
Marshfield,-70.8099976,42.0589981,0.072439998,60,1.69000006,no,0.411000013,5.88399982,18.5,10.7103004,4,411,18.2999992,7.78999996,18.6000004
Duxbury,-70.8300018,42.0485001,0.01709,90,2.01999998,no,0.409999996,6.72800016,36.0999985,12.1265001,5,187,17,4.5,30.1000004
Pembroke,-70.8529968,42.0519981,0.04301,80,1.90999997,no,0.412999988,5.66300011,21.8999996,10.5857,4,334,22,8.05000019,18.2000008
Pembroke,-70.8525009,42.0299988,0.106590003,80,1.90999997,no,0.412999988,5.93599987,19.5,10.5857,4,334,22,5.57000017,20.6000004
Boston Allston-Brighton,-71.0830002,42.2172012,8.98295975,0,18.1000004,yes,0.769999981,6.21199989,97.4000015,2.12220001,24,666,20.2000008,17.6000004,17.7999992
Boston Allston-Brighton,-71.0950012,42.2120018,3.84969997,0,18.1000004,yes,0.769999981,6.39499998,91,2.50519991,24,666,20.2000008,13.2700005,21.7000008
Boston Allston-Brighton,-71.1007004,42.2099991,5.20176983,0,18.1000004,yes,0.769999981,6.12699986,83.4000015,2.72270012,24,666,20.2000008,11.4799995,22.7000008
Boston Allston-Brighton,-71.0930023,42.2070007,4.2613101,0,18.1000004,no,0.769999981,6.11199999,81.3000031,2.50909996,24,666,20.2000008,12.6700001,22.6000004
Boston Allston-Brighton,-71.0904999,42.2033005,4.54192019,0,18.1000004,no,0.769999981,6.39799976,88,2.51819992,24,666,20.2000008,7.78999996,25
Boston Allston-Brighton,-71.0865021,42.2099991,3.83683991,0,18.1000004,no,0.769999981,6.25099993,91.0999985,2.29550004,24,666,20.2000008,14.1899996,19.8999996
Boston Allston-Brighton,-71.0810013,42.2080002,3.67822003,0,18.1000004,no,0.769999981,5.36199999,96.1999969,2.10360003,24,666,20.2000008,10.1899996,20.7999992
Boston Allston-Brighton,-71.0865021,42.2150002,4.22239017,0,18.1000004,yes,0.769999981,5.80299997,89,1.90470004,24,666,20.2000008,14.6400003,16.7999992
Boston Back Bay,-71.0589981,42.2098007,3.47428012,0,18.1000004,yes,0.717999995,8.77999973,82.9000015,1.90470004,24,666,20.2000008,5.28999996,21.8999996
Boston Back Bay,-71.0595016,42.2075005,4.55587006,0,18.1000004,no,0.717999995,3.56100011,87.9000015,1.61319995,24,666,20.2000008,7.11999989,27.5
Boston Back Bay,-71.0540009,42.2052002,3.69694996,0,18.1000004,no,0.717999995,4.96299982,91.4000015,1.75230002,24,666,20.2000008,14,21.8999996
Boston Back Bay,-71.0507965,42.2070007,13.5221996,0,18.1000004,no,0.630999982,3.86299992,100,1.51059997,24,666,20.2000008,13.3299999,23.1000004
Boston Back Bay,-71.0479965,42.2104988,4.89822006,0,18.1000004,no,0.630999982,4.96999979,100,1.33249998,24,666,20.2000008,3.25999999,50
Boston Back Bay,-71.0496979,42.2125015,5.66998005,0,18.1000004,yes,0.630999982,6.68300009,96.8000031,1.35669994,24,666,20.2000008,3.73000002,50
Boston Beacon Hill,-71.0421982,42.2144012,6.53876019,0,18.1000004,yes,0.630999982,7.01599979,97.5,1.20239997,24,666,20.2000008,2.96000004,50
Boston Beacon Hill,-71.0417023,42.2159996,9.2322998,0,18.1000004,no,0.630999982,6.21600008,100,1.16910005,24,666,20.2000008,9.52999973,50
Boston Beacon Hill,-71.0397034,42.2182007,8.26725006,0,18.1000004,yes,0.667999983,5.875,89.5999985,1.12960005,24,666,20.2000008,8.88000011,50
Boston North End,-71.0338974,42.2206993,11.1080999,0,18.1000004,no,0.667999983,4.90600014,100,1.17420006,24,666,20.2000008,34.7700005,13.8000002
Boston North End,-71.0345993,42.2187004,18.4981995,0,18.1000004,no,0.667999983,4.13800001,100,1.13699996,24,666,20.2000008,37.9700012,13.8000002
Boston Charlestown,-71.0366974,42.223999,19.6091003,0,18.1000004,no,0.671000004,7.3130002,97.9000015,1.31630003,24,666,20.2000008,13.4399996,15
Boston Charlestown,-71.0339966,42.2260017,15.2880001,0,18.1000004,no,0.671000004,6.64900017,93.3000031,1.34490001,24,666,20.2000008,23.2399998,13.8999996
Boston Charlestown,-71.038002,42.2265015,9.82349014,0,18.1000004,no,0.671000004,6.79400015,98.8000031,1.35800004,24,666,20.2000008,21.2399998,13.3000002
Boston Charlestown,-71.0400009,42.2248001,23.6481991,0,18.1000004,no,0.671000004,6.38000011,96.1999969,1.38610005,24,666,20.2000008,23.6900005,13.1000004
Boston Charlestown,-71.0400009,42.2275009,17.8666992,0,18.1000004,no,0.671000004,6.22300005,100,1.38610005,24,666,20.2000008,21.7800007,10.1999998
Boston Charlestown,-71.0459976,42.2299995,88.9761963,0,18.1000004,no,0.671000004,6.96799994,91.9000015,1.41649997,24,666,20.2000008,17.2099991,10.3999996
Boston East Boston,-71.0410004,42.2290001,15.8744001,0,18.1000004,no,0.671000004,6.54500008,99.0999985,1.51919997,24,666,20.2000008,21.0799999,10.8999996
Boston East Boston,-71.0230026,42.2286987,9.1870203,0,18.1000004,no,0.699999988,5.53599977,100,1.58039999,24,666,20.2000008,23.6000004,11.3000002
Boston East Boston,-71.0214996,42.2270012,7.9924798,0,18.1000004,no,0.699999988,5.51999998,100,1.53310001,24,666,20.2000008,24.5599995,12.3000002
Boston East Boston,-71.024498,42.2234993,20.0848999,0,18.1000004,no,0.699999988,4.36800003,91.1999969,1.43949997,24,666,20.2000008,30.6299992,8.80000019
Boston East Boston,-71.0234985,42.2212982,16.8118,0,18.1000004,no,0.699999988,5.27699995,98.0999985,1.42610002,24,666,20.2000008,30.8099995,7.19999981
Boston East Boston,-71.0227966,42.2230988,24.3938007,0,18.1000004,no,0.699999988,4.65199995,100,1.46720004,24,666,20.2000008,28.2800007,10.5
Boston East Boston,-71.0214996,42.2248001,22.5970993,0,18.1000004,no,0.699999988,5,89.5,1.51839995,24,666,20.2000008,31.9899998,7.4000001
Boston East Boston,-71.0195007,42.2254982,14.3337002,0,18.1000004,no,0.699999988,4.88000011,100,1.58949995,24,666,20.2000008,30.6200008,10.1999998
Boston East Boston,-71.0167999,42.2280998,8.15174007,0,18.1000004,no,0.699999988,5.38999987,98.9000015,1.72809994,24,666,20.2000008,20.8500004,11.5
Boston East Boston,-71.0109024,42.2299995,6.9621501,0,18.1000004,no,0.699999988,5.71299982,97,1.92649996,24,666,20.2000008,17.1100006,15.1000004
Boston East Boston,-71.0035019,42.2330017,5.29304981,0,18.1000004,no,0.699999988,6.05100012,82.5,2.16779995,24,666,20.2000008,18.7600002,23.2000008
Boston East Boston,-71.0199966,42.2205009,11.5778999,0,18.1000004,no,0.699999988,5.03599977,97,1.76999998,24,666,20.2000008,25.6800003,9.69999981
Boston South Boston,-71.0167007,42.2010002,8.64476013,0,18.1000004,no,0.693000019,6.19299984,92.5999985,1.79120004,24,666,20.2000008,15.1700001,13.8000002
Boston South Boston,-71.0199966,42.1992989,13.3598003,0,18.1000004,no,0.693000019,5.88700008,94.6999969,1.78209996,24,666,20.2000008,16.3500004,12.6999998
Boston South Boston,-71.0220032,42.1996002,8.71675014,0,18.1000004,no,0.693000019,6.47100019,98.8000031,1.72570002,24,666,20.2000008,17.1200008,13.1000004
Boston South Boston,-71.026001,42.1992989,5.87204981,0,18.1000004,no,0.693000019,6.40500021,96,1.67680001,24,666,20.2000008,19.3700008,12.5
Boston South Boston,-71.0250015,42.2024002,7.67201996,0,18.1000004,no,0.693000019,5.74700022,98.9000015,1.63339996,24,666,20.2000008,19.9200001,8.5
Boston South Boston,-71.0230026,42.2089996,38.351799,0,18.1000004,no,0.693000019,5.45300007,100,1.48959994,24,666,20.2000008,30.5900002,5
Boston South Boston,-71.0329971,42.2032013,9.91654968,0,18.1000004,no,0.693000019,5.85200024,77.8000031,1.50039995,24,666,20.2000008,29.9699993,6.30000019
Boston South Boston,-71.0326004,42.2010994,25.0461006,0,18.1000004,no,0.693000019,5.98699999,100,1.58879995,24,666,20.2000008,26.7700005,5.5999999
Boston South Boston,-71.0299988,42.2014999,14.2362003,0,18.1000004,no,0.693000019,6.34299994,100,1.57410002,24,666,20.2000008,20.3199997,7.19999981
Boston South Boston,-71.0299988,42.1987991,9.5957098,0,18.1000004,no,0.693000019,6.40399981,100,1.63900006,24,666,20.2000008,20.3099995,12.1000004
Boston South Boston,-71.0332031,42.1980019,24.8017006,0,18.1000004,no,0.693000019,5.34899998,96,1.70280004,24,666,20.2000008,19.7700005,8.30000019
Boston South Boston,-71.0345001,42.2000999,41.5292015,0,18.1000004,no,0.693000019,5.53100014,85.4000015,1.60739994,24,666,20.2000008,27.3799992,8.5
Boston South Boston,-71.0319977,42.2056999,67.9207993,0,18.1000004,no,0.693000019,5.68300009,100,1.42540002,24,666,20.2000008,22.9799995,5
Boston Downtown,-71.0390015,42.219799,20.7161999,0,18.1000004,no,0.658999979,4.13800001,100,1.17809999,24,666,20.2000008,23.3400002,11.8999996
Boston Downtown,-71.0427017,42.2089996,11.9511003,0,18.1000004,no,0.658999979,5.6079998,100,1.2852,24,666,20.2000008,12.1300001,27.8999996
Boston Downtown,-71.0437012,42.2050018,7.40389013,0,18.1000004,no,0.597000003,5.6170001,97.9000015,1.45469999,24,666,20.2000008,26.3999996,17.2000008
Boston Downtown,-71.0455017,42.2060013,14.4383001,0,18.1000004,no,0.597000003,6.85200024,100,1.4655,24,666,20.2000008,19.7800007,27.5
Boston Downtown,-71.0462036,42.2075005,51.1357994,0,18.1000004,no,0.597000003,5.75699997,100,1.41299999,24,666,20.2000008,10.1099997,15
Boston Downtown,-71.0486984,42.2047997,14.0507002,0,18.1000004,no,0.597000003,6.65700006,100,1.52750003,24,666,20.2000008,21.2199993,17.2000008
Boston Downtown,-71.0469971,42.2029991,18.8110008,0,18.1000004,no,0.597000003,4.62799978,100,1.5539,24,666,20.2000008,34.3699989,17.8999996
Boston Downtown,-71.0450974,42.2014999,28.6557999,0,18.1000004,no,0.597000003,5.15500021,100,1.58940005,24,666,20.2000008,20.0799999,16.2999992
Boston Roxbury,-71.0419998,42.1985016,45.7461014,0,18.1000004,no,0.693000019,4.51900005,100,1.65820003,24,666,20.2000008,36.9799995,7
Boston Roxbury,-71.0455017,42.1953011,18.0846004,0,18.1000004,no,0.67900002,6.43400002,100,1.83469999,24,666,20.2000008,29.0499992,7.19999981
Boston Roxbury,-71.047699,42.1964989,10.8341999,0,18.1000004,no,0.67900002,6.78200006,90.8000031,1.81949997,24,666,20.2000008,25.7900009,7.5
Boston Roxbury,-71.0497971,42.2006989,25.9405994,0,18.1000004,no,0.67900002,5.3039999,89.0999985,1.64750004,24,666,20.2000008,26.6399994,10.3999996
Boston Roxbury,-71.0524979,42.1988983,73.5341034,0,18.1000004,no,0.67900002,5.95699978,100,1.80260003,24,666,20.2000008,20.6200008,8.80000019
Boston Roxbury,-71.0586014,42.1999016,11.8122997,0,18.1000004,no,0.717999995,6.82399988,76.5,1.79400003,24,666,20.2000008,22.7399998,8.39999962
Boston Roxbury,-71.0617981,42.1990013,11.0874004,0,18.1000004,no,0.717999995,6.41099977,100,1.85889995,24,666,20.2000008,15.0200005,16.7000008
Boston Roxbury,-71.0650024,42.2018013,7.02259016,0,18.1000004,no,0.717999995,6.00600004,95.3000031,1.87460005,24,666,20.2000008,15.6999998,14.1999998
Boston Roxbury,-71.0664978,42.1969986,12.0481997,0,18.1000004,no,0.614000022,5.64799976,87.5999985,1.95120001,24,666,20.2000008,14.1000004,20.7999992
Boston Roxbury,-71.0618973,42.1948013,7.05041981,0,18.1000004,no,0.614000022,6.10300016,85.0999985,2.02180004,24,666,20.2000008,23.2900009,13.3999996
Boston Roxbury,-71.0589981,42.1920013,8.79211998,0,18.1000004,no,0.583999991,5.56500006,70.5999985,2.06349993,24,666,20.2000008,17.1599998,11.6999998
Boston Roxbury,-71.0577011,42.196701,15.8603001,0,18.1000004,no,0.67900002,5.89599991,95.4000015,1.90960002,24,666,20.2000008,24.3899994,8.30000019
Boston Roxbury,-71.0558014,42.1936989,12.2472,0,18.1000004,no,0.583999991,5.83699989,59.7000008,1.99759996,24,666,20.2000008,15.6899996,10.1999998
Boston Roxbury,-71.0541992,42.1960983,37.6618996,0,18.1000004,no,0.67900002,6.20200014,78.6999969,1.86290002,24,666,20.2000008,14.5200005,10.8999996
Boston Roxbury,-71.0521011,42.1940002,7.36710978,0,18.1000004,no,0.67900002,6.19299984,78.0999985,1.93560004,24,666,20.2000008,21.5200005,11
Boston Roxbury,-71.0485001,42.1920013,9.33889008,0,18.1000004,no,0.67900002,6.38000011,95.5999985,1.96819997,24,666,20.2000008,24.0799999,9.5
Boston Roxbury,-71.0547028,42.1889992,8.49213028,0,18.1000004,no,0.583999991,6.34800005,86.0999985,2.05270004,24,666,20.2000008,17.6399994,14.5
Boston Roxbury,-71.050499,42.1879997,10.0622997,0,18.1000004,no,0.583999991,6.83300018,94.3000031,2.08820009,24,666,20.2000008,19.6900005,14.1000004
Boston Roxbury,-71.052002,42.1853981,6.44404984,0,18.1000004,no,0.583999991,6.42500019,74.8000031,2.20040011,24,666,20.2000008,12.0299997,16.1000004
Boston Savin Hill,-71.0494995,42.1814995,5.58106995,0,18.1000004,no,0.713,6.43599987,87.9000015,2.31579995,24,666,20.2000008,16.2199993,14.3000002
Boston Savin Hill,-71.0475006,42.1842003,13.9133997,0,18.1000004,no,0.713,6.20800018,95,2.22219992,24,666,20.2000008,15.1700001,11.6999998
Boston Savin Hill,-71.0459976,42.1866989,11.1604004,0,18.1000004,no,0.74000001,6.62900019,94.5999985,2.12470007,24,666,20.2000008,23.2700005,13.3999996
Boston Savin Hill,-71.0455017,42.1893005,14.4208002,0,18.1000004,no,0.74000001,6.46099997,93.3000031,2.00259995,24,666,20.2000008,18.0499992,9.60000038
Boston Savin Hill,-71.0445023,42.1917,15.1772003,0,18.1000004,no,0.74000001,6.15199995,100,1.91419995,24,666,20.2000008,26.4500008,8.19999981
Boston Savin Hill,-71.0445023,42.1938019,13.6780996,0,18.1000004,no,0.74000001,5.93499994,87.9000015,1.82060003,24,666,20.2000008,34.0200005,8.39999962
Boston Savin Hill,-71.0370026,42.1940002,9.39062977,0,18.1000004,no,0.74000001,5.62699986,93.9000015,1.81719995,24,666,20.2000008,22.8799992,12.8000002
Boston Savin Hill,-71.0320969,42.1925011,22.0510998,0,18.1000004,no,0.74000001,5.81799984,92.4000015,1.86619997,24,666,20.2000008,22.1100006,10.5
Boston Savin Hill,-71.0345001,42.1850014,9.72418022,0,18.1000004,no,0.74000001,6.40600014,97.1999969,2.06509995,24,666,20.2000008,19.5200005,17.1000004
Boston Savin Hill,-71.0339966,42.1889992,5.66636992,0,18.1000004,no,0.74000001,6.21899986,100,2.00480008,24,666,20.2000008,16.5900002,14.8000002
Boston Savin Hill,-71.0378036,42.1892014,9.96654034,0,18.1000004,no,0.74000001,6.48500013,100,1.97839999,24,666,20.2000008,18.8500004,15.3999996
Boston Savin Hill,-71.0404968,42.1920013,12.8023005,0,18.1000004,no,0.74000001,5.85400009,96.5999985,1.89559996,24,666,20.2000008,23.7900009,10.8000002
Boston Savin Hill,-71.0425034,42.1889992,10.6717997,0,18.1000004,no,0.74000001,6.45900011,94.8000031,1.98790002,24,666,20.2000008,23.9799995,11.8000002
Boston Savin Hill,-71.0390015,42.1867981,6.2880702,0,18.1000004,no,0.74000001,6.34100008,96.4000015,2.07200003,24,666,20.2000008,17.7900009,14.8999996
Boston Savin Hill,-71.0370026,42.1839981,9.92485046,0,18.1000004,no,0.74000001,6.25099993,96.5999985,2.19799995,24,666,20.2000008,16.4400005,12.6000004
Boston Savin Hill,-71.0400009,42.1819992,9.32909012,0,18.1000004,no,0.713,6.18499994,98.6999969,2.26160002,24,666,20.2000008,18.1299992,14.1000004
Boston Savin Hill,-71.0428009,42.1845016,7.52601004,0,18.1000004,no,0.713,6.41699982,98.3000031,2.18499994,24,666,20.2000008,19.3099995,13
Boston Savin Hill,-71.0459976,42.1809998,6.71772003,0,18.1000004,no,0.713,6.74900007,92.5999985,2.32360005,24,666,20.2000008,17.4400005,13.3999996
Boston Savin Hill,-71.0410004,42.1795006,5.44114017,0,18.1000004,no,0.713,6.65500021,98.1999969,2.35520005,24,666,20.2000008,17.7299995,15.1999998
Boston Savin Hill,-71.0339966,42.1790009,5.09016991,0,18.1000004,no,0.713,6.29699993,91.8000031,2.36820006,24,666,20.2000008,17.2700005,16.1000004
Boston Savin Hill,-71.0400009,42.1769981,8.24808979,0,18.1000004,no,0.713,7.39300013,99.3000031,2.4526999,24,666,20.2000008,16.7399998,17.7999992
Boston Savin Hill,-71.0455017,42.1767998,9.51362991,0,18.1000004,no,0.713,6.72800016,94.0999985,2.49609995,24,666,20.2000008,18.7099991,14.3999996
Boston Savin Hill,-71.0510025,42.1780014,4.75236988,0,18.1000004,no,0.713,6.5250001,86.5,2.43580008,24,666,20.2000008,18.1299992,14.1000004
Boston Dorchester,-71.0516968,42.1735001,4.66882992,0,18.1000004,no,0.713,5.97599983,87.9000015,2.58060002,24,666,20.2000008,19.0100002,12.6999998
Boston Dorchester,-71.0514984,42.1699982,8.20057964,0,18.1000004,no,0.713,5.93599987,80.3000031,2.77920008,24,666,20.2000008,16.9400005,13.5
Boston Dorchester,-71.0475006,42.1689987,7.75223017,0,18.1000004,no,0.713,6.30100012,83.6999969,2.78309989,24,666,20.2000008,16.2299995,14.8999996
Boston Dorchester,-71.0429993,42.1689987,6.80116987,0,18.1000004,no,0.713,6.08099985,84.4000015,2.71749997,24,666,20.2000008,14.6999998,20
Boston Dorchester,-71.0429993,42.1727982,4.81212997,0,18.1000004,no,0.713,6.70100021,90,2.59750009,24,666,20.2000008,16.4200001,16.3999996
Boston Dorchester,-71.0350037,42.1744995,3.69310999,0,18.1000004,no,0.713,6.37599993,88.4000015,2.56710005,24,666,20.2000008,14.6499996,17.7000008
Boston Dorchester,-71.0309982,42.1694984,6.6549201,0,18.1000004,no,0.713,6.31699991,83,2.73440003,24,666,20.2000008,13.9899998,19.5
Boston Dorchester,-71.0357971,42.1674995,5.82114983,0,18.1000004,no,0.713,6.51300001,89.9000015,2.80159998,24,666,20.2000008,10.29,20.2000008
Boston Dorchester,-71.0449982,42.1640015,7.83932018,0,18.1000004,no,0.654999971,6.20900011,65.4000015,2.96339989,24,666,20.2000008,13.2200003,21.3999996
Boston Dorchester,-71.0550003,42.1650009,3.16359997,0,18.1000004,no,0.654999971,5.75899982,48.2000008,3.06649995,24,666,20.2000008,14.1300001,19.8999996
Boston Dorchester,-71.0550003,42.168499,3.77498007,0,18.1000004,no,0.654999971,5.95200014,84.6999969,2.87150002,24,666,20.2000008,17.1499996,19
Boston Mattapan,-71.0660019,42.1780014,4.42227983,0,18.1000004,no,0.583999991,6.00299978,94.5,2.54029989,24,666,20.2000008,21.3199997,19.1000004
Boston Mattapan,-71.0699997,42.1679993,15.5756998,0,18.1000004,no,0.579999983,5.92600012,71,2.90840006,24,666,20.2000008,18.1299992,19.1000004
Boston Mattapan,-71.0690002,42.1725006,13.0750999,0,18.1000004,no,0.579999983,5.71299982,56.7000008,2.82369995,24,666,20.2000008,14.7600002,20.1000004
Boston Mattapan,-71.0739975,42.1679993,4.34879017,0,18.1000004,no,0.579999983,6.16699982,84,3.03340006,24,666,20.2000008,16.2900009,19.8999996
Boston Mattapan,-71.0824966,42.1697998,4.03841019,0,18.1000004,no,0.532000005,6.22900009,90.6999969,3.09929991,24,666,20.2000008,12.8699999,19.6000004
Boston Mattapan,-71.0832977,42.1749992,3.56868005,0,18.1000004,no,0.579999983,6.4369998,75,2.89650011,24,666,20.2000008,14.3599997,23.2000008
Boston Forest Hills,-71.0731964,42.1839981,4.64689016,0,18.1000004,no,0.614000022,6.98000002,67.5999985,2.53290009,24,666,20.2000008,11.6599998,29.7999992
Boston Forest Hills,-71.0550003,42.1829987,8.05578995,0,18.1000004,no,0.583999991,5.42700005,95.4000015,2.42980003,24,666,20.2000008,18.1399994,13.8000002
Boston Forest Hills,-71.0511017,42.1879005,6.39311981,0,18.1000004,no,0.583999991,6.16200018,97.4000015,2.20600009,24,666,20.2000008,24.1000004,13.3000002
Boston Forest Hills,-71.0565033,42.1879997,4.87140989,0,18.1000004,no,0.614000022,6.48400021,93.5999985,2.3053,24,666,20.2000008,18.6800003,16.7000008
Boston Forest Hills,-71.052803,42.1920013,15.0234003,0,18.1000004,no,0.614000022,5.3039999,97.3000031,2.1006999,24,666,20.2000008,24.9099998,12
Boston Forest Hills,-71.0558014,42.1912994,10.2329998,0,18.1000004,no,0.614000022,6.18499994,96.6999969,2.17050004,24,666,20.2000008,18.0300007,14.6000004
Boston Forest Hills,-71.0670013,42.1945,14.3337002,0,18.1000004,no,0.614000022,6.22900009,88,1.95120001,24,666,20.2000008,13.1099997,21.3999996
Boston West Roxbury,-71.1007996,42.1739998,5.8240099,0,18.1000004,no,0.532000005,6.2420001,64.6999969,3.42420006,24,666,20.2000008,10.7399998,23
Boston West Roxbury,-71.0950012,42.1730003,5.70817995,0,18.1000004,no,0.532000005,6.75,74.9000015,3.33170009,24,666,20.2000008,7.73999977,23.7000008
Boston West Roxbury,-71.0899963,42.1665001,5.73116016,0,18.1000004,no,0.532000005,7.06099987,77,3.41059995,24,666,20.2000008,7.01000023,25
Boston West Roxbury,-71.0975037,42.1608009,2.81838012,0,18.1000004,no,0.532000005,5.76200008,40.2999992,4.09829998,24,666,20.2000008,10.4200001,21.7999992
Boston Hyde Park,-71.0803986,42.1539993,2.37857008,0,18.1000004,no,0.583000004,5.87099981,41.9000015,3.72399998,24,666,20.2000008,13.3400002,20.6000004
Boston Hyde Park,-71.0749969,42.1455002,3.67367005,0,18.1000004,no,0.583000004,6.3119998,51.9000015,3.99169993,24,666,20.2000008,10.5799999,21.2000008
Boston Hyde Park,-71.0715027,42.1549988,5.69175005,0,18.1000004,no,0.583000004,6.11399984,79.8000031,3.54590011,24,666,20.2000008,14.9799995,19.1000004
Boston Hyde Park,-71.0650024,42.1609993,4.83566999,0,18.1000004,no,0.583000004,5.90500021,53.2000008,3.15229988,24,666,20.2000008,11.4499998,20.6000004
Chelsea,-71.018898,42.2344017,0.150859997,0,27.7399998,no,0.609000027,5.454,92.6999969,1.82089996,4,711,20.1000004,18.0599995,15.1999998
Chelsea,-71.0227966,42.2335014,0.183369994,0,27.7399998,no,0.609000027,5.41400003,98.3000031,1.75539994,4,711,20.1000004,23.9699993,7
Chelsea,-71.024498,42.2368011,0.207460001,0,27.7399998,no,0.609000027,5.09299994,98,1.82260001,4,711,20.1000004,29.6800003,8.10000038
Chelsea,-71.0159988,42.2382011,0.105740003,0,27.7399998,no,0.609000027,5.9829998,98.8000031,1.86810005,4,711,20.1000004,18.0699997,13.6000004
Chelsea,-71.0297012,42.2447014,0.111319996,0,27.7399998,no,0.609000027,5.9829998,83.5,2.1099,4,711,20.1000004,13.3500004,20.1000004
Revere,-71.0124969,42.2462006,0.173309997,0,9.68999958,no,0.584999979,5.70699978,54,2.38170004,6,391,19.2000008,12.0100002,21.7999992
Revere,-71.0124969,42.25,0.279570013,0,9.68999958,no,0.584999979,5.92600012,42.5999985,2.38170004,6,391,19.2000008,13.5900002,24.5
Revere,-71.010498,42.2546997,0.178990006,0,9.68999958,no,0.584999979,5.67000008,28.7999992,2.79859996,6,391,19.2000008,17.6000004,23.1000004
Revere,-71.0009995,42.2524986,0.289600015,0,9.68999958,no,0.584999979,5.38999987,72.9000015,2.79859996,6,391,19.2000008,21.1399994,19.7000008
Revere,-70.9946976,42.2495995,0.268379986,0,9.68999958,no,0.584999979,5.79400015,70.5999985,2.89269996,6,391,19.2000008,14.1000004,18.2999992
Revere,-71.0049973,42.2454987,0.239120007,0,9.68999958,no,0.584999979,6.01900005,65.3000031,2.40910006,6,391,19.2000008,12.9200001,21.2000008
Revere,-70.998497,42.243,0.177829996,0,9.68999958,no,0.584999979,5.56899977,73.5,2.39989996,6,391,19.2000008,15.1000004,17.5
Revere,-70.9919968,42.237999,0.224380001,0,9.68999958,no,0.584999979,6.02699995,79.6999969,2.49819994,6,391,19.2000008,14.3299999,16.7999992
Winthrop,-70.9860001,42.2312012,0.062629998,0,11.9300003,no,0.573000014,6.59299994,69.0999985,2.47860003,1,273,21,9.67000008,22.3999996
Winthrop,-70.9909973,42.2275009,0.04527,0,11.9300003,no,0.573000014,6.11999989,76.6999969,2.2874999,1,273,21,9.07999992,20.6000004
Winthrop,-70.9947968,42.2260017,0.060759999,0,11.9300003,no,0.573000014,6.97599983,91,2.16750002,1,273,21,5.63999987,23.8999996
Winthrop,-70.9875031,42.223999,0.109590001,0,11.9300003,no,0.573000014,6.79400015,89.3000031,2.38890004,1,273,21,6.48000002,22
Winthrop,-70.9824982,42.2210007,0.04741,0,11.9300003,no,0.573000014,6.03000021,80.8000031,2.50500011,1,273,21,7.88000011,19
